Reddit;1;homepage;2023;;;word_measures;2000;2100;4.271;0.406;2.2186727779358626;1.2169079304486512;10.965784284662087;8.54686520457962;10.697116692780718
Reddit;2;homepage;2023;;;word_measures;2000;2100;4.03;0.3675;2.153378498926759;1.2250651104003192;10.965784284662087;8.316230056816876;10.675383492129777
Reddit;3;homepage;2023;;;word_measures;2000;2100;4.24;0.413;2.259795858636499;1.2166355868428944;10.965784284662087;8.556030509839324;10.727818192509762
Reddit;4;homepage;2023;;;word_measures;2000;2100;4.174;0.4185;2.267560799494386;1.2141491285711528;10.965784284662087;8.617193214571186;10.75707347681942
Reddit;5;homepage;2023;;;word_measures;2000;2100;4.177;0.427;2.2978064792603257;1.2143077389150858;10.965784284662087;8.620362027135723;10.720484758334969
Reddit;6;homepage;2023;;;word_measures;2000;2100;4.212;0.4365;2.3092725067585707;1.210659433081746;10.965784284662087;8.711134751758141;10.76987821451705
Reddit;7;homepage;2023;;;word_measures;2000;2100;4.637;0.4735;2.3898671915382153;1.2050080018490554;10.965784284662087;8.89287352867723;10.756826909800669
Reddit;8;homepage;2023;;;word_measures;2000;2100;4.421;0.492;2.5027069305628533;1.206211109533906;10.965784284662087;8.86890642194653;10.824876842535717
Reddit;9;homepage;2023;;;word_measures;2000;2100;4.343;0.4515;2.345932126268745;1.209243058785796;10.965784284662087;8.767591182387354;10.794092944288487
Reddit;10;homepage;2023;;;word_measures;2000;2100;4.357;0.4725;2.3766689086705455;1.2049816114455463;10.965784284662087;8.892599878961649;10.798357606794976
Reddit;11;homepage;2023;;;word_measures;2000;2100;4.203;0.3715;2.188187575116754;1.2262061939388513;10.965784284662087;8.29154060439982;10.665610455354042
Reddit;12;homepage;2023;;;word_measures;2000;2100;4.2735;0.3825;2.1659501101821665;1.220336137637496;10.965784284662087;8.42746134381756;10.649394271061693
Reddit;13;homepage;2023;;;word_measures;2000;2100;4.218;0.3905;2.2165596701949837;1.2221060361713172;10.965784284662087;8.407749124883852;10.654311955083088
Reddit;14;homepage;2023;;;word_measures;2000;2100;3.9425;0.358;2.1364100053161383;1.2297520192712545;10.965784284662087;8.214752091566309;10.54245228299947
Reddit;15;homepage;2023;;;word_measures;2000;2100;4.2715;0.4545;2.3637854351848366;1.2095767567306754;10.965784284662087;8.756817245005557;10.723429916040931
Reddit;16;homepage;2023;;;word_measures;2000;2100;4.2315;0.423;2.2760247511416676;1.214715785458684;10.965784284662087;8.615039468463822;10.769103777006233
Reddit;17;homepage;2023;;;word_measures;2000;2100;4.243;0.42;2.275073892846704;1.2158284691721202;10.965784284662087;8.582257380560739;10.728396354118425
Reddit;18;homepage;2023;;;word_measures;2000;2100;4.2605;0.4565;2.377821378931403;1.2104961340874434;10.965784284662087;8.739625729604885;10.755035005337932
Reddit;19;homepage;2023;;;word_measures;2000;2100;4.1915;0.427;2.3096806872636084;1.2143429707735778;10.965784284662087;8.611371504900816;10.751549331519696
Reddit;20;homepage;2023;;;word_measures;2000;2100;4.318;0.443;2.3282196108251814;1.2112782009690999;10.965784284662087;8.707897952858096;10.721423281806763
Reddit;21;homepage;2023;;;word_measures;2000;2100;4.303;0.4615;2.386221564933658;1.2090856540948152;10.965784284662087;8.777152156313473;10.798839825575149
Reddit;22;homepage;2023;;;word_measures;2000;2100;4.068;0.33;2.057176368758082;1.2325857055932283;10.965784284662087;8.115129080543877;10.57271451930774
Reddit;23;homepage;2023;;;word_measures;2000;2100;4.6165;0.4345;2.2783404085785155;1.210899625942111;10.965784284662087;8.71464039326854;10.765368439512724
Reddit;24;homepage;2023;;;word_measures;2000;2100;4.0645;0.3705;2.122242779359222;1.222005565091968;10.965784284662087;8.386135423229467;10.630286453161917
Reddit;25;homepage;2023;;;word_measures;2000;2100;4.2145;0.4115;2.2552261660248036;1.2161396615952254;10.965784284662087;8.563359450305901;10.714249024033963
Reddit;26;homepage;2023;;;word_measures;2000;2100;4.411;0.355;2.112850742861628;1.2263074687868356;10.965784284662087;8.27987488650535;10.578553888384825
Reddit;27;homepage;2023;;;word_measures;2000;2100;4.147;0.4025;2.262257132157684;1.2185831182450055;10.965784284662087;8.493143780960619;10.67022810204398
Reddit;28;homepage;2023;;;word_measures;2000;2100;4.108;0.391;2.194892345145345;1.2196158269792794;10.965784284662087;8.459687020692446;10.657150613084772
Reddit;29;homepage;2023;;;word_measures;2000;2100;4.3015;0.449;2.351489248648286;1.2110666758567092;10.965784284662087;8.723103966138549;10.753298956769017
Reddit;30;homepage;2023;;;word_measures;2000;2100;4.106;0.3815;2.1986598766595127;1.2234961540251972;10.965784284662087;8.35934218859078;10.67749490139304
Reddit;31;homepage;2023;;;word_measures;2000;2100;4.1425;0.38;2.1798653546720743;1.2212364924699066;10.965784284662087;8.408789331473315;10.690576535049992
Reddit;32;homepage;2023;;;word_measures;2000;2100;4.3835;0.4265;2.319429998919368;1.216254332587123;10.965784284662087;8.571212227618473;10.706638011578198
Reddit;33;homepage;2023;;;word_measures;2000;2100;4.3195;0.463;2.401851917728782;1.2085820930451154;10.965784284662087;8.792362609366918;10.763380748167116
Reddit;34;homepage;2023;;;word_measures;2000;2100;4.224;0.4075;2.224239009693265;1.215046000406146;10.965784284662087;8.583730909411582;10.740920823358255
Reddit;35;homepage;2023;;;word_measures;2000;2100;4.207;0.44;2.2975713769346484;1.2114595847576857;10.965784284662087;8.708039499197355;10.71828639937608
Reddit;36;homepage;2023;;;word_measures;2000;2100;4.3505;0.4405;2.341293443515897;1.2122734005004168;10.965784284662087;8.681698972296722;10.75606676004566
Reddit;37;homepage;2023;;;word_measures;2000;2100;4.1155;0.4145;2.29157191388309;1.2190505097061393;10.965784284662087;8.49099742609521;10.678555613060007
Reddit;38;homepage;2023;;;word_measures;2000;2100;4.265;0.3935;2.19864634655416;1.2159768984466792;10.965784284662087;8.539620974331514;10.697247652052637
Reddit;39;homepage;2023;;;word_measures;2000;2100;4.2945;0.4495;2.308332767263055;1.207460969761014;10.965784284662087;8.810502654594732;10.768213814288167
Reddit;40;homepage;2023;;;word_measures;2000;2100;4.298;0.46;2.379103791788221;1.2074193077534439;10.965784284662087;8.815849389387246;10.810489938048221
Reddit;41;homepage;2023;;;word_measures;2000;2100;4.276;0.401;2.2337295078486203;1.219190365448594;10.965784284662087;8.482814190886137;10.643884496057368
Reddit;42;homepage;2023;;;word_measures;2000;2100;4.2735;0.425;2.2591275250166656;1.2122731325775384;10.965784284662087;8.673466118077087;10.732425364863495
Reddit;43;homepage;2023;;;word_measures;2000;2100;4.185;0.446;2.3277676249295483;1.209111508652568;10.965784284662087;8.762600685781576;10.791518948793293
Reddit;44;homepage;2023;;;word_measures;2000;2100;4.2055;0.407;2.2260417287796734;1.2156157384067772;10.965784284662087;8.574419438484503;10.735002539554795
Reddit;45;homepage;2023;;;word_measures;2000;2100;4.2295;0.4365;2.3365494670718907;1.212513727322221;10.965784284662087;8.667887383203166;10.748086310054315
Reddit;46;homepage;2023;;;word_measures;2000;2100;4.298;0.4485;2.338667933270335;1.2095526436716317;10.965784284662087;8.754390297820397;10.773752517497979
Reddit;47;homepage;2023;;;word_measures;2000;2100;4.2305;0.4425;2.3168173489719632;1.2099105886369943;10.965784284662087;8.74316616182452;10.769573791087328
Reddit;48;homepage;2023;;;word_measures;2000;2100;4.2865;0.4545;2.359486880525947;1.2094615498930217;10.965784284662087;8.761951177196048;10.812764061291128
Reddit;49;homepage;2023;;;word_measures;2000;2100;4.2;0.4445;2.3211883767694235;1.2090891370922325;10.965784284662087;8.764144724699253;10.750102405024906
Reddit;50;homepage;2023;;;word_measures;2000;2100;4.158;0.38;2.1583480664342645;1.2197148244827984;10.965784284662087;8.447889578804915;10.677147786582523
Reddit;51;homepage;2023;;;word_measures;2000;2100;4.267;0.428;2.3131516281515365;1.2163234566897154;10.965784284662087;8.573487298487004;10.692128236573872
Reddit;52;homepage;2023;;;word_measures;2000;2100;4.3015;0.407;2.2462645476311445;1.2171228045970202;10.965784284662087;8.537084807583971;10.690176797327597
Reddit;53;homepage;2023;;;word_measures;2000;2100;4.149;0.402;2.260275306627155;1.220023203715682;10.965784284662087;8.454830598032318;10.632245927377445
Reddit;54;homepage;2023;;;word_measures;2000;2100;4.222;0.4245;2.2941863053292035;1.2138573605567218;10.965784284662087;8.625069136899572;10.742613552010562
Reddit;55;homepage;2023;;;word_measures;2000;2100;4.3015;0.397;2.191979353651405;1.2185332845896484;10.965784284662087;8.502198933082376;10.701831790605896
Reddit;56;homepage;2023;;;word_measures;2000;2100;4.3215;0.395;2.244188011363149;1.2213723293691874;10.965784284662087;8.420113255968074;10.481951795163393
Reddit;57;homepage;2023;;;word_measures;2000;2100;4.3465;0.393;2.209390723779798;1.2202864379435776;10.965784284662087;8.453800485969342;10.69649276455047
Reddit;58;homepage;2023;;;word_measures;2000;2100;4.1505;0.3655;2.1315757388621566;1.2261881091445685;10.965784284662087;8.299635576438146;10.584554418576996
Reddit;59;homepage;2023;;;word_measures;2000;2100;4.208;0.383;2.183530673608184;1.2209716507047415;10.965784284662087;8.422190646114945;10.646326242838901
Reddit;60;homepage;2023;;;word_measures;2000;2100;4.5045;0.431;2.278572831675411;1.2121687766164542;10.965784284662087;8.68353336104454;10.76705247228985
Reddit;61;homepage;2023;;;word_measures;2000;2100;4.389;0.4355;2.2786027050763376;1.2102034283429381;10.965784284662087;8.736133317623324;10.76924274249365
Reddit;62;homepage;2023;;;word_measures;2000;2100;4.1825;0.425;2.2801831821352248;1.2125377064198257;10.965784284662087;8.6571071825936;10.767268574042614
Reddit;63;homepage;2023;;;word_measures;2000;2100;4.114;0.4265;2.3266972730308773;1.2149909422546625;10.965784284662087;8.595693674461632;10.698094398809406
Reddit;64;homepage;2023;;;word_measures;2000;2100;4.3505;0.4215;2.2991628388315437;1.2163081850856543;10.965784284662087;8.566789793989393;10.709454375608567
Reddit;65;homepage;2023;;;word_measures;2000;2100;4.1345;0.42;2.278461107835174;1.2152738688141107;10.965784284662087;8.584514892784089;10.722506362646604
Reddit;66;homepage;2023;;;word_measures;2000;2100;4.3695;0.443;2.3359096672385933;1.2118483408540486;10.965784284662087;8.694402738040127;10.771902674084686
Reddit;67;homepage;2023;;;word_measures;2000;2100;4.1615;0.441;2.300040688142181;1.2109587029367683;10.965784284662087;8.724844048880003;10.6665717080306
Reddit;68;homepage;2023;;;word_measures;2000;2100;4.658;0.386;2.2238021614402537;1.2261788658052684;10.965784284662087;8.313185518219317;10.494567000942915
Reddit;69;homepage;2023;;;word_measures;2000;2100;4.2095;0.395;2.206445313617587;1.2185754824429749;10.965784284662087;8.493149043270996;10.6878511878981
Reddit;70;homepage;2023;;;word_measures;2000;2100;4.3435;0.46;2.389436371549964;1.209150223508477;10.965784284662087;8.772359066637838;10.822009173788965
Reddit;71;homepage;2023;;;word_measures;2000;2100;4.332;0.453;2.338101544305682;1.208815855756402;10.965784284662087;8.783503730489377;10.786357606794976
Reddit;72;homepage;2023;;;word_measures;2000;2100;4.139;0.3855;2.163326207473874;1.2176350731402634;10.965784284662087;8.499112147674802;10.703687944313252
Reddit;73;homepage;2023;;;word_measures;2000;2100;4.211;0.4015;2.208883143886924;1.2182340147346258;10.965784284662087;8.510892647336101;10.73431050056217
Reddit;74;homepage;2023;;;word_measures;2000;2100;4.153;0.3725;2.1450076504796747;1.2215517037361863;10.965784284662087;8.400115652832195;10.651449113355728
Reddit;75;homepage;2023;;;word_measures;2000;2100;4.215;0.42;2.296036044880748;1.2165107347816229;10.965784284662087;8.554974696445193;10.710555613060006
Reddit;76;homepage;2023;;;word_measures;2000;2100;4.4035;0.4695;2.4183581104129552;1.2081416278332473;10.965784284662087;8.81045526671936;10.752936511849152
Reddit;77;homepage;2023;;;word_measures;2000;2100;4.414;0.4585;2.3225013328343636;1.2057158540934325;10.965784284662087;8.863259787401706;10.773959241053912
Reddit;78;homepage;2023;;;word_measures;2000;2100;4.284;0.4555;2.3433024632185697;1.2082605855911972;10.965784284662087;8.79960298275793;10.756102405024906
Reddit;79;homepage;2023;;;word_measures;2000;2100;4.311;0.4155;2.283872882053256;1.2168256781250237;10.965784284662087;8.549567709700176;10.700883124076034
Reddit;80;homepage;2023;;;word_measures;2000;2100;4.1905;0.431;2.334023356214166;1.214528239443898;10.965784284662087;8.613599859751238;10.73372841631189
Reddit;81;homepage;2023;;;word_measures;2000;2100;4.26;0.44;2.320259890034795;1.2127543220669033;10.965784284662087;8.676517933248247;10.778215897344902
Reddit;82;homepage;2023;;;word_measures;2000;2100;4.174;0.454;2.3976877263933423;1.21082715280354;10.965784284662087;8.722612728711347;10.755941063026588
Reddit;83;homepage;2023;;;word_measures;2000;2100;4.43;0.496;2.4518100232630973;1.202000165656209;10.965784284662087;8.983402487301289;10.803449466049583
Reddit;84;homepage;2023;;;word_measures;2000;2100;4.339;0.4325;2.2864604812115434;1.2113303119689225;10.965784284662087;8.70498080954541;10.768092944288487
Reddit;85;homepage;2023;;;word_measures;2000;2100;4.188;0.4025;2.2282001154869793;1.2161108598858117;10.965784284662087;8.54827491868322;10.724638011578197
Reddit;86;homepage;2023;;;word_measures;2000;2100;4.15;0.408;2.2626069054752596;1.2175872489064932;10.965784284662087;8.520617286231792;10.67221414391596
Reddit;87;homepage;2023;;;word_measures;2000;2100;4.223;0.4305;2.330728306695819;1.215076409652829;10.965784284662087;8.598771092360604;10.696995905320627
Reddit;88;homepage;2023;;;word_measures;2000;2100;4.3185;0.4115;2.2488648731261494;1.2172645357996226;10.965784284662087;8.542650517209163;10.602024998605293
Reddit;89;homepage;2023;;;word_measures;2000;2100;4.215;0.371;2.158502256050706;1.2249574054032564;10.965784284662087;8.325417178171582;10.627150613084774
Reddit;90;homepage;2023;;;word_measures;2000;2100;4.175;0.4145;2.2840400659292937;1.2165415459126234;10.965784284662087;8.552315234896644;10.745368439512726
Reddit;91;homepage;2023;;;word_measures;2000;2100;4.221;0.4035;2.216051286533475;1.2161771707981825;10.965784284662087;8.551129445496192;10.723463753805397
Reddit;92;homepage;2023;;;word_measures;2000;2100;4.3465;0.424;2.2256616801768545;1.2110594419389962;10.965784284662087;8.703267200919575;10.761989623780313
Reddit;93;homepage;2023;;;word_measures;2000;2100;4.169;0.4055;2.224134519770742;1.215644540116191;10.965784284662087;8.568947081931547;10.717737877048306
Reddit;94;homepage;2023;;;word_measures;2000;2100;4.191;0.4045;2.2512609074264764;1.219866870716214;10.965784284662087;8.474719298009086;10.694792719342342
Reddit;95;homepage;2023;;;word_measures;2000;2100;4.1115;0.3955;2.212827906385064;1.2192416726797821;10.965784284662087;8.472852403995443;10.695402359816779
Reddit;96;homepage;2023;;;word_measures;2000;2100;4.25;0.3795;2.140580760762095;1.2186396499723193;10.965784284662087;8.478504798013303;10.676064345710794
Reddit;97;homepage;2023;;;word_measures;2000;2100;4.298;0.434;2.3043242391198877;1.2121646238118409;10.965784284662087;8.680052566638508;10.716073394279835
Reddit;98;homepage;2023;;;word_measures;2000;2100;4.2285;0.3995;2.220396057888865;1.2165798588842152;10.965784284662087;8.535095736195263;10.716728416311888
Reddit;99;homepage;2023;;;word_measures;2000;2100;4.1985;0.414;2.2653722714632747;1.2139828824251893;10.965784284662087;8.606478514070051;10.740625095803713
Reddit;100;homepage;2023;;;word_measures;2000;2100;4.2985;0.4115;2.2336238122731453;1.2157170132547617;10.965784284662087;8.572081559902792;10.724605545795061
Reddit;101;homepage;2023;;;word_measures;2000;2100;4.8685;0.452;2.318342633917928;1.2086801528185607;10.965784284662087;8.788567671064474;10.666137697310292
Reddit;102;homepage;2023;;;word_measures;2000;2100;4.188;0.3915;2.2220439175516367;1.2203765939921143;10.965784284662087;8.437206695764605;10.714555613060007
Reddit;103;homepage;2023;;;word_measures;2000;2100;4.209;0.3805;2.195434888973832;1.224297779276967;10.965784284662087;8.348533757578997;10.62722017836807
Reddit;104;homepage;2023;;;word_measures;2000;2100;4.0715;0.4075;2.2561344245821235;1.2167566879838705;10.965784284662087;8.537929037645656;10.71660554579506
Reddit;105;homepage;2023;;;word_measures;2000;2100;4.4185;0.4865;2.491018928959966;1.205122806802392;10.965784284662087;8.88883058800934;10.802275208276786
Reddit;106;homepage;2023;;;word_measures;2000;2100;4.204;0.432;2.3225940341502427;1.2134722214192153;10.965784284662087;8.644020064675768;10.734165253534442
Reddit;107;homepage;2023;;;word_measures;2000;2100;4.383;0.445;2.3401137790828948;1.2107162327319383;10.965784284662087;8.721986874930984;10.74965265202787
Reddit;108;homepage;2023;;;word_measures;2000;2100;4.224;0.4495;2.3233822632581;1.2087857144325973;10.965784284662087;8.778618019474855;10.746086310054316
Reddit;109;homepage;2023;;;word_measures;2000;2100;4.2605;0.481;2.453302487656474;1.2071110624819994;10.965784284662087;8.844671592678862;10.772342966345304
Reddit;110;homepage;2023;;;word_measures;2000;2100;4.24;0.3765;2.1885749915987254;1.2261413566023112;10.965784284662087;8.305603058163806;10.602796339459587
Reddit;111;homepage;2023;;;word_measures;2000;2100;4.194;0.4125;2.287993535920977;1.217494413629174;10.965784284662087;8.526800044123238;10.710576535049988
Reddit;112;homepage;2023;;;word_measures;2000;2100;4.416;0.4355;2.267694894894958;1.2105049755424262;10.965784284662087;8.730626099039764;10.71013331735651
Reddit;113;homepage;2023;;;word_measures;2000;2100;4.37;0.446;2.334394831284881;1.20863232858479;10.965784284662087;8.770392561172995;10.664323416336657
Reddit;114;homepage;2023;;;word_measures;2000;2100;4.353;0.4625;2.385933815762401;1.2088072822242975;10.965784284662087;8.786237402296017;10.78503009577895
Reddit;115;homepage;2023;;;word_measures;2000;2100;4.128;0.41;2.2104191457480193;1.214562265649438;10.965784284662087;8.603120526950555;10.743881752094701
Reddit;116;homepage;2023;;;word_measures;2000;2100;4.098;0.406;2.2433323996514085;1.2171869721263648;10.965784284662087;8.532410186888356;10.714529781511043
Reddit;117;homepage;2023;;;word_measures;2000;2100;4.2185;0.4325;2.3545497316867117;1.216287822946906;10.965784284662087;8.57011863249614;10.719360433297226
Reddit;118;homepage;2023;;;word_measures;2000;2100;4.072;0.391;2.217303424105048;1.2201057239621875;10.965784284662087;8.452584676441202;10.693165253534444
Reddit;119;homepage;2023;;;word_measures;2000;2100;4.2695;0.4235;2.28524692453444;1.2157151377946136;10.965784284662087;8.59065002974238;10.709912134821105
Reddit;120;homepage;2023;;;word_measures;2000;2100;3.9285;0.356;2.123253786340356;1.2257405439764262;10.965784284662087;8.285312411743803;10.595946055125168
Reddit;121;homepage;2023;;;word_measures;2000;2100;4.275;0.431;2.306614309921861;1.2127110525220635;10.965784284662087;8.656929816141995;10.733268574042615
Reddit;122;homepage;2023;;;word_measures;2000;2100;4.044;0.3485;2.114086269214749;1.2287102011591196;10.965784284662087;8.214259626835332;10.607738206676103
Reddit;123;homepage;2023;;;word_measures;2000;2100;4.095;0.3885;2.1955249110609296;1.2194687373191118;10.965784284662087;8.45675873032899;10.704003911536127
Reddit;124;homepage;2023;;;word_measures;2000;2100;4.318;0.4325;2.3277173893898726;1.2134602988511323;10.965784284662087;8.639031062096919;10.736933056811086
Reddit;125;homepage;2023;;;word_measures;2000;2100;4.2145;0.42;2.3125090151280165;1.2181671679764985;10.965784284662087;8.518625924973868;10.729366025177855
Reddit;126;homepage;2023;;;word_measures;2000;2100;4.2435;0.409;2.242849334701896;1.2154580657929182;10.965784284662087;8.573365140598716;10.770728416311885
Reddit;127;homepage;2023;;;word_measures;2000;2100;4.287;0.4235;2.299838138446212;1.2152687782794236;10.965784284662087;8.586322582301598;10.75138798952138
Reddit;128;homepage;2023;;;word_measures;2000;2100;4.489;0.44;2.3014237060397864;1.2093704561144114;10.965784284662087;8.753877816421907;10.759865298742568
Reddit;129;homepage;2023;;;word_measures;2000;2100;4.4495;0.482;2.4295363887399435;1.2042492442578079;10.965784284662087;8.918272232471947;10.81358179730283
Reddit;130;homepage;2023;;;word_measures;2000;2100;4.0875;0.3545;2.1322610855847595;1.224772136732936;10.965784284662087;8.285934651515802;10.60435379906306
Reddit;131;homepage;2023;;;word_measures;2000;2100;4.293;0.4555;2.3295289499312646;1.2079704251140357;10.965784284662087;8.80497268475604;10.781943146083321
Reddit;132;homepage;2023;;;word_measures;2000;2100;4.3145;0.4615;2.394046118631959;1.2089967036992308;10.965784284662087;8.776951497394869;10.771931684829758
Reddit;133;homepage;2023;;;word_measures;2000;2100;4.083;0.39;2.201978101506829;1.219477980658412;10.965784284662087;8.463239660141076;10.673621916607608
Reddit;134;homepage;2023;;;word_measures;2000;2100;4.324;0.4625;2.41555242203176;1.2099308168143035;10.965784284662087;8.753528462600094;10.758259195845783
Reddit;135;homepage;2023;;;word_measures;2000;2100;4.1665;0.4055;2.2338899936527015;1.2162670589238405;10.965784284662087;8.553174861634714;10.743463753805397
Reddit;136;homepage;2023;;;word_measures;2000;2100;3.7455;0.2665;1.9260657630115747;1.2470420203357935;10.965784284662087;7.735541642800336;10.369248459996392
Reddit;137;homepage;2023;;;word_measures;2000;2100;4.4225;0.455;2.36530790694058;1.2095182155817747;10.965784284662087;8.761717962818418;10.786570253509677
Reddit;138;homepage;2023;;;word_measures;2000;2100;4.189;0.4155;2.2898353717476128;1.2173544239252807;10.965784284662087;8.538467753842419;10.712339511307242
Reddit;139;homepage;2023;;;word_measures;2000;2100;4.089;0.3885;2.1956260519474746;1.2215783620625733;10.965784284662087;8.420491598934163;10.650257471170596
Reddit;140;homepage;2023;;;word_measures;2000;2100;4.2525;0.4215;2.27751493819058;1.213705046400428;10.965784284662087;8.630850272596245;10.767665567802348
Reddit;141;homepage;2023;;;word_measures;2000;2100;4.0585;0.4305;2.335721451416612;1.2164667954295876;10.965784284662087;8.572359374499577;10.666049375633335
Reddit;142;homepage;2023;;;word_measures;2000;2100;4.357;0.45;2.3497849912196402;1.2084252241998912;10.965784284662087;8.776530453768109;10.750188341120747
Reddit;143;homepage;2023;;;word_measures;2000;2100;4.3125;0.4515;2.357518853023649;1.2102215131372211;10.965784284662087;8.745504302830854;10.751471842560486
Reddit;144;homepage;2023;;;word_measures;2000;2100;4.2055;0.419;2.2701421024650337;1.214470903947949;10.965784284662087;8.608983403019835;10.720671849342661
Reddit;145;homepage;2023;;;word_measures;2000;2100;4.3735;0.4385;2.328656325116754;1.2116928116232155;10.965784284662087;8.692518900090349;10.765370522569459
Reddit;146;homepage;2023;;;word_measures;2000;2100;4.1465;0.4335;2.3152372737973934;1.2125011349469423;10.965784284662087;8.663504835640941;10.734381355287207
Reddit;147;homepage;2023;;;word_measures;2000;2100;4.32;0.4535;2.3379158737510446;1.2076745042949915;10.965784284662087;8.808321494601048;10.798602719292813
Reddit;148;homepage;2023;;;word_measures;2000;2100;4.1555;0.4305;2.3050896947830912;1.2152253747731445;10.965784284662087;8.6029232521498;10.645317546963721
Reddit;149;homepage;2023;;;word_measures;2000;2100;4.28;0.361;2.0964426099508997;1.2219845331460237;10.965784284662087;8.37142343530884;10.550626197630784
Reddit;150;homepage;2023;;;word_measures;2000;2100;4.051;0.4025;2.2722596309334038;1.2192471650987864;10.965784284662087;8.47332489648739;10.680138379631941
Reddit;151;homepage;2023;;;word_measures;2000;2100;4.113;0.3775;2.152393212541938;1.220347256436944;10.965784284662087;8.433633725137177;10.718494136531799
Reddit;152;homepage;2023;;;word_measures;2000;2100;4.193;0.4055;2.222539842799306;1.2149135125428439;10.965784284662087;8.588151260209491;10.715026970368676
Reddit;153;homepage;2023;;;word_measures;2000;2100;4.2505;0.417;2.2831311375647787;1.2181149230152368;10.965784284662087;8.522647944047884;10.71249276455047
Reddit;154;homepage;2023;;;word_measures;2000;2100;4.2095;0.4305;2.3083217824250464;1.2145617298036815;10.965784284662087;8.619737328022296;10.72065893356818
Reddit;155;homepage;2023;;;word_measures;2000;2100;4.255;0.4345;2.2920389034599067;1.210898822173476;10.965784284662087;8.699935709358211;10.746512314559123
Reddit;156;homepage;2023;;;word_measures;2000;2100;4.065;0.365;2.139448652639985;1.225834316983819;10.965784284662087;8.29697671498627;10.604569983355413
Reddit;157;homepage;2023;;;word_measures;2000;2100;4.4025;0.441;2.323234503790736;1.2130759634822608;10.965784284662087;8.66819641502457;10.765512314559123
Reddit;158;homepage;2023;;;word_measures;2000;2100;4.2235;0.385;2.2033498666435483;1.2214951720088723;10.965784284662087;8.412721868650344;10.684166625515775
Reddit;159;homepage;2023;;;word_measures;2000;2100;4.145;0.366;2.159681384637952;1.2254624400287863;10.965784284662087;8.299487248151449;10.640673303863583
Reddit;160;homepage;2023;;;word_measures;2000;2100;4.294;0.393;2.2175322302430867;1.2198487859219311;10.965784284662087;8.459780108790566;10.69380286240041
Reddit;161;homepage;2023;;;word_measures;2000;2100;4.292;0.368;2.1566044243425133;1.2247103805094959;10.965784284662087;8.321225911311684;10.631627922305967
Reddit;162;homepage;2023;;;word_measures;2000;2100;4.842;0.43;2.245049249455333;1.208873593136668;10.965784284662087;8.758629967507462;10.462560185555025
Reddit;163;homepage;2023;;;word_measures;2000;2100;4.0915;0.377;2.1935838098078966;1.2253413388878107;10.965784284662087;8.321439266951925;10.635768618156254
Reddit;164;homepage;2023;;;word_measures;2000;2100;4.1905;0.407;2.2678046093136075;1.2182932256907226;10.965784284662087;8.498823646430141;10.686342255269901
Reddit;165;homepage;2023;;;word_measures;2000;2100;4.369;0.4275;2.2535993383079767;1.2105624449998138;10.965784284662087;8.711527744302806;10.729184803543095
Reddit;166;homepage;2023;;;word_measures;2000;2100;4.2805;0.3995;2.2246400902420285;1.2185744107514618;10.965784284662087;8.498204015972975;10.70805091883832
Reddit;167;homepage;2023;;;word_measures;2000;2100;4.1755;0.4165;2.2792422369867564;1.2169537452608348;10.965784284662087;8.545183017357674;10.69319909129891
Reddit;168;homepage;2023;;;word_measures;2000;2100;4.31;0.422;2.272660577520728;1.2138741057366134;10.965784284662087;8.628774318217458;10.7115802438513
Reddit;169;homepage;2023;;;word_measures;2000;2100;4.424;0.458;2.3458396928757437;1.207578186020255;10.965784284662087;8.818618074725919;10.771543379607174
Reddit;170;homepage;2023;;;word_measures;2000;2100;4.245;0.4075;2.246297904029489;1.2170607804507019;10.965784284662087;8.534158379926838;10.741828281781997
Reddit;171;homepage;2023;;;word_measures;2000;2100;4.0095;0.3835;2.1995895690470935;1.2237595222145319;10.965784284662087;8.360457990769206;10.62370714162805
Reddit;172;homepage;2023;;;word_measures;2000;2100;4.11;0.392;2.1564854665845634;1.2153175402432679;10.965784284662087;8.56675165532365;10.718247652052634
Reddit;173;homepage;2023;;;word_measures;2000;2100;4.2395;0.408;2.2383600189536814;1.217345716431737;10.965784284662087;8.536164634639821;10.686149241103442
Reddit;174;homepage;2023;;;word_measures;2000;2100;4.117;0.3815;2.186953790262342;1.2213105731457474;10.965784284662087;8.411576019756112;10.659239645837134
Reddit;175;homepage;2023;;;word_measures;2000;2100;4.414;0.4195;2.285488992854953;1.2158357030898332;10.965784284662087;8.578779437932372;10.749778349046942
Reddit;176;homepage;2023;;;word_measures;2000;2100;4.0895;0.4325;2.305508860126138;1.213651461824775;10.965784284662087;8.63863868879484;10.728828893926789
Reddit;177;homepage;2023;;;word_measures;2000;2100;4.3165;0.406;2.1936349830776454;1.2137496555596592;10.965784284662087;8.615999309128334;10.747173259749943
Reddit;178;homepage;2023;;;word_measures;2000;2100;4.167;0.434;2.3194742061942817;1.214442236199975;10.965784284662087;8.618149084762281;10.726665567802351
Reddit;179;homepage;2023;;;word_measures;2000;2100;4.42;0.425;2.285023610815406;1.2144861755520104;10.965784284662087;8.617891851252011;10.723596085058643
Reddit;180;homepage;2023;;;word_measures;2000;2100;3.921;0.3635;2.13897992156446;1.2253909046202898;10.965784284662087;8.300951061165389;10.607816467834578
Reddit;181;homepage;2023;;;word_measures;2000;2100;4.1885;0.4205;2.245587104633451;1.2118602634221314;10.965784284662087;8.672244144259905;10.775437922256431
Reddit;182;homepage;2023;;;word_measures;2000;2100;4.314;0.429;2.3096133046597247;1.2143130973726513;10.965784284662087;8.618718563623547;10.765010545770295
Reddit;183;homepage;2023;;;word_measures;2000;2100;4.358;0.427;2.28260118611157;1.2124385749548674;10.965784284662087;8.666793164743511;10.754724961273823
Reddit;184;homepage;2023;;;word_measures;2000;2100;4.074;0.279;1.9508155407756569;1.2461881501227616;10.965784284662087;7.763787563148037;10.321126409774292
Reddit;185;homepage;2023;;;word_measures;2000;2100;4.1435;0.4045;2.264787395820022;1.2200304376333952;10.965784284662087;8.453360694314139;10.660988581426778
Reddit;186;homepage;2023;;;word_measures;2000;2100;4.222;0.414;2.3007611327618362;1.2186136614531278;10.965784284662087;8.497546899863769;10.663449113355728
Reddit;187;homepage;2023;;;word_measures;2000;2100;4.113;0.4145;2.306785378679633;1.2191405317932367;10.965784284662087;8.485261159476538;10.655305238309328
Reddit;188;homepage;2023;;;word_measures;2000;2100;4.157;0.3835;2.2147911112755536;1.2226477762311698;10.965784284662087;8.384610237753325;10.64111565042718
Reddit;189;homepage;2023;;;word_measures;2000;2100;4.3355;0.4415;2.3035928096622227;1.2109311068803068;10.965784284662087;8.720794865814513;10.769570253509677
Reddit;190;homepage;2023;;;word_measures;2000;2100;4.3665;0.4405;2.3128733902424576;1.2115228145569563;10.965784284662087;8.707634396736967;10.733003911536127
Reddit;191;homepage;2023;;;word_measures;2000;2100;4.118;0.4055;2.2641765316575766;1.2181348832696677;10.965784284662087;8.503797066880201;10.67847949608213
Reddit;192;homepage;2023;;;word_measures;2000;2100;4.1745;0.438;2.3491084859520197;1.213786762878299;10.965784284662087;8.637778347941625;10.7465063626466
Reddit;193;homepage;2023;;;word_measures;2000;2100;4.275;0.4155;2.26329868234694;1.2152733329683543;10.965784284662087;8.58822118840512;10.671170134339672
Reddit;194;homepage;2023;;;word_measures;2000;2100;4.068;0.391;2.208486350104213;1.2201260861009358;10.965784284662087;8.45200796462893;10.670956805303318
Reddit;195;homepage;2023;;;word_measures;2000;2100;4.257;0.411;2.2911267600208522;1.217824360653758;10.965784284662087;8.51535480123483;10.719990995761645
Reddit;196;homepage;2023;;;word_measures;2000;2100;4.41;0.4555;2.3421700871735815;1.2077199172228577;10.965784284662087;8.81022502856985;10.78704301155343
Reddit;197;homepage;2023;;;word_measures;2000;2100;4.225;0.439;2.3062311802059416;1.210631301179528;10.965784284662087;8.717828961231428;10.73367502853877
Reddit;198;homepage;2023;;;word_measures;2000;2100;4.1535;0.379;2.1547088699787857;1.2195294218510389;10.965784284662087;8.448416104961995;10.670689316294583
Reddit;199;homepage;2023;;;word_measures;2000;2100;4.162;0.4215;2.288064669445157;1.2158190918713807;10.965784284662087;8.5779742111579;10.736694578547423
Reddit;200;homepage;2023;;;word_measures;2000;2100;4.129;0.415;2.286219350621104;1.217430781945586;10.965784284662087;8.535777936243257;10.686225687709111
Reddit;201;homepage;2023;;;word_measures;2000;2100;4.156;0.4015;2.228463885560632;1.2188640353828666;10.965784284662087;8.495335776434576;10.642008730653494
Reddit;202;homepage;2023;;;word_measures;2000;2100;4.49;0.4755;2.3753831467777493;1.205100569203496;10.965784284662087;8.893300271052654;10.744970756093311
Reddit;203;homepage;2023;;;word_measures;2000;2100;4.2845;0.442;2.332094713374972;1.2119591269642114;10.965784284662087;8.691233846734635;10.74567365655744
Reddit;204;homepage;2023;;;word_measures;2000;2100;4.419;0.4665;2.4254665062576533;1.2098612908273934;10.965784284662087;8.755754520972625;10.749828281781998
Reddit;205;homepage;2023;;;word_measures;2000;2100;4.0895;0.41;2.250980526134372;1.2163923128694294;10.965784284662087;8.544415263430235;10.721026970368676
Reddit;206;homepage;2023;;;word_measures;2000;2100;4.052;0.3435;2.0856083445996045;1.2272087613493206;10.965784284662087;8.235079514262166;10.635272772526196
Reddit;207;homepage;2023;;;word_measures;2000;2100;4.229;0.386;2.1940694200247526;1.2217018745094539;10.965784284662087;8.41109689219732;10.685621916607609
Reddit;208;homepage;2023;;;word_measures;2000;2100;4.324;0.434;2.305990317538381;1.2120460679382086;10.965784284662087;8.677866374543976;10.734736505066977
Reddit;209;homepage;2023;;;word_measures;2000;2100;4.216;0.4065;2.23213871575892;1.2167152938991783;10.965784284662087;8.547567420404224;10.702938137593728
Reddit;210;homepage;2023;;;word_measures;2000;2100;4.1195;0.4;2.195679770484567;1.2142650052160024;10.965784284662087;8.594621454854366;10.611086211123707
Reddit;211;homepage;2023;;;word_measures;2000;2100;4.017;0.2845;1.9441147895902395;1.2384016414731742;10.965784284662087;7.92763952657884;10.408148259873796
Reddit;212;homepage;2023;;;word_measures;2000;2100;4.24;0.39;2.191888527795672;1.217304054424167;10.965784284662087;8.50700434715464;10.698179541290253
Reddit;213;homepage;2023;;;word_measures;2000;2100;4.2225;0.419;2.2418180995434525;1.213014609143138;10.965784284662087;8.642482403540274;10.725625095803714
Reddit;214;homepage;2023;;;word_measures;2000;2100;4.2835;0.4235;2.346145124956966;1.217449804469943;10.965784284662087;8.533496648000497;10.716402359816778
Reddit;215;homepage;2023;;;word_measures;2000;2100;4.18;0.4165;2.3018868107348682;1.2183222953230142;10.965784284662087;8.51801910034263;10.667618544109134
Reddit;216;homepage;2023;;;word_measures;2000;2100;4.2985;0.4235;2.275049913749099;1.212267774119973;10.965784284662087;8.668776764764166;10.741804180595906
Reddit;217;homepage;2023;;;word_measures;2000;2100;4.3975;0.4165;2.2435267776995897;1.2127536522597078;10.965784284662087;8.651203748630103;10.708049293093744
Reddit;218;homepage;2023;;;word_measures;2000;2100;4.213;0.4035;2.2185473900288346;1.2156113176792858;10.965784284662087;8.56968232779669;10.691739249029636
Reddit;219;homepage;2023;;;word_measures;2000;2100;4.1995;0.392;2.1895716647058725;1.2169976846128703;10.965784284662087;8.519432457340201;10.602340883288583
Reddit;220;homepage;2023;;;word_measures;2000;2100;4.2725;0.453;2.321792007014156;1.2070376516133545;10.965784284662087;8.823078893029257;10.811847831790649
Reddit;221;homepage;2023;;;word_measures;2000;2100;4.278;0.4295;2.2812909092754126;1.2133598277717828;10.965784284662087;8.647531919965749;10.748379983305878
Reddit;222;homepage;2023;;;word_measures;2000;2100;4.4285;0.484;2.3970945451408627;1.2018240063637495;10.965784284662087;8.983017981279522;10.848009173788961
